lookback_months,vol_target_pct,rebalance,sharpe,deflated_sharpe,deflated_p_value,max_drawdown,ann_return,total_return,ann_vol
1,6.0,weekly,-0.0351,-3.1622,0.999217,-0.421,-0.0085,-0.1587,0.0968
1,6.0,biweekly,-0.1042,-3.482,0.999751,-0.4764,-0.0151,-0.2668,0.0955
1,6.0,monthly,-0.1039,-3.4804,0.99975,-0.4964,-0.0152,-0.2671,0.0957
1,8.0,weekly,-0.0205,-3.095,0.999016,-0.421,-0.0071,-0.1357,0.098
1,8.0,biweekly,-0.1008,-3.4661,0.999736,-0.4802,-0.0151,-0.2661,0.0969
1,8.0,monthly,-0.1091,-3.5045,0.999771,-0.4964,-0.016,-0.2796,0.0972
1,10.0,weekly,-0.0007,-3.0032,0.998664,-0.421,-0.0052,-0.1009,0.099
1,10.0,biweekly,-0.0908,-3.4201,0.999687,-0.4731,-0.0143,-0.2544,0.0981
1,10.0,monthly,-0.1113,-3.5146,0.99978,-0.5004,-0.0165,-0.2867,0.0984
1,12.0,weekly,0.014,-2.9351,0.998333,-0.421,-0.0038,-0.0737,0.0998
1,12.0,biweekly,-0.0852,-3.3943,0.999656,-0.4725,-0.014,-0.2486,0.0991
1,12.0,monthly,-0.1113,-3.5151,0.99978,-0.504,-0.0167,-0.2903,0.0995
1,15.0,weekly,0.0257,-2.8809,0.998017,-0.421,-0.0026,-0.0519,0.1008
1,15.0,biweekly,-0.0775,-3.3588,0.999609,-0.4678,-0.0135,-0.2408,0.1006
1,15.0,monthly,-0.1064,-3.4926,0.999761,-0.5026,-0.0166,-0.2884,0.1012
3,6.0,weekly,0.4346,-0.9873,0.838243,-0.1561,0.04,1.2194,0.0964
3,6.0,biweekly,0.4614,-0.865,0.806484,-0.1756,0.0426,1.3382,0.096
3,6.0,monthly,0.3465,-1.3971,0.918814,-0.2141,0.0312,0.8666,0.098
3,8.0,weekly,0.4387,-0.9687,0.833648,-0.1561,0.0409,1.2583,0.0976
3,8.0,biweekly,0.4696,-0.8292,0.796515,-0.1756,0.0441,1.404,0.0974
3,8.0,monthly,0.3498,-1.3828,0.916637,-0.2141,0.0319,0.8941,0.0995
3,10.0,weekly,0.4381,-0.9722,0.834523,-0.1561,0.0412,1.2715,0.0986
3,10.0,biweekly,0.4695,-0.8323,0.797389,-0.1756,0.0446,1.4266,0.0986
3,10.0,monthly,0.3441,-1.4105,0.920807,-0.2141,0.0316,0.8826,0.1007
3,12.0,weekly,0.44,-0.9641,0.832513,-0.1561,0.0417,1.2931,0.0994
3,12.0,biweekly,0.4661,-0.8514,0.802728,-0.1756,0.0446,1.4281,0.0996
3,12.0,monthly,0.3367,-1.4465,0.925983,-0.2141,0.0311,0.8626,0.1017
3,15.0,weekly,0.442,-0.9562,0.830522,-0.1561,0.0423,1.3216,0.1005
3,15.0,biweekly,0.4605,-0.8849,0.811898,-0.1756,0.0446,1.4273,0.1011
3,15.0,monthly,0.3303,-1.4797,0.930519,-0.2141,0.0308,0.8516,0.1034
6,6.0,weekly,0.4596,-0.8782,0.810077,-0.2025,0.0412,1.2744,0.093
6,6.0,biweekly,0.2866,-1.6789,0.953414,-0.2492,0.0238,0.613,0.0931
6,6.0,monthly,0.3222,-1.5135,0.934918,-0.22,0.0277,0.7438,0.0946
6,8.0,weekly,0.4701,-0.8304,0.79683,-0.2025,0.0428,1.3457,0.0942
6,8.0,biweekly,0.2945,-1.6432,0.949826,-0.2492,0.0249,0.6485,0.0945
6,8.0,monthly,0.3097,-1.5713,0.941944,-0.22,0.0268,0.7121,0.0961
6,10.0,weekly,0.4697,-0.833,0.79758,-0.2025,0.0432,1.3627,0.0952
6,10.0,biweekly,0.2912,-1.6591,0.951453,-0.2492,0.0248,0.646,0.0958
6,10.0,monthly,0.2924,-1.6518,0.950716,-0.22,0.0253,0.6607,0.0973
6,12.0,weekly,0.466,-0.8505,0.802489,-0.2025,0.0431,1.3596,0.096
6,12.0,biweekly,0.286,-1.6844,0.953949,-0.2492,0.0245,0.635,0.0968
6,12.0,monthly,0.2781,-1.7189,0.95718,-0.22,0.024,0.6188,0.0984
6,15.0,weekly,0.4605,-0.8777,0.809941,-0.2025,0.043,1.3535,0.0971
6,15.0,biweekly,0.2791,-1.7185,0.95715,-0.2492,0.0241,0.6216,0.0983
6,15.0,monthly,0.2674,-1.7704,0.961667,-0.22,0.0231,0.5924,0.1001
9,6.0,weekly,0.3862,-1.2214,0.889042,-0.2263,0.0327,0.9243,0.0896
9,6.0,biweekly,0.3736,-1.2787,0.899497,-0.2113,0.0318,0.8914,0.0908
9,6.0,monthly,0.3404,-1.4299,0.923626,-0.2358,0.0287,0.7768,0.0911
9,8.0,weekly,0.3797,-1.2522,0.894743,-0.2487,0.0325,0.9161,0.0909
9,8.0,biweekly,0.3802,-1.2472,0.893846,-0.2113,0.033,0.9334,0.0922
9,8.0,monthly,0.3392,-1.4344,0.924274,-0.2358,0.029,0.7875,0.0927
9,10.0,weekly,0.3641,-1.3251,0.907432,-0.2706,0.0313,0.8704,0.092
9,10.0,biweekly,0.3768,-1.2616,0.896453,-0.2162,0.033,0.9353,0.0935
9,10.0,monthly,0.3327,-1.4628,0.928233,-0.2358,0.0287,0.7765,0.094
9,12.0,weekly,0.3505,-1.3893,0.917625,-0.2921,0.0301,0.8292,0.0928
9,12.0,biweekly,0.3719,-1.282,0.900076,-0.2281,0.0328,0.9286,0.0946
9,12.0,monthly,0.3292,-1.4773,0.930201,-0.2358,0.0286,0.7744,0.0952
9,15.0,weekly,0.3296,-1.4889,0.931743,-0.3234,0.0283,0.7649,0.094
9,15.0,biweekly,0.3641,-1.314,0.90558,-0.2458,0.0325,0.9162,0.0962
9,15.0,monthly,0.3291,-1.4748,0.929873,-0.2358,0.029,0.7898,0.0969
12,6.0,weekly,0.3929,-1.1892,0.882816,-0.2364,0.0322,0.9059,0.0862
12,6.0,biweekly,0.3461,-1.4034,0.919753,-0.2459,0.0279,0.7496,0.0863
12,6.0,monthly,0.3745,-1.273,0.898495,-0.224,0.0307,0.8501,0.0869
12,8.0,weekly,0.3883,-1.2115,0.887147,-0.2364,0.0322,0.9066,0.0876
12,8.0,biweekly,0.3509,-1.3802,0.916234,-0.2459,0.0288,0.7807,0.0879
12,8.0,monthly,0.3723,-1.2816,0.90001,-0.224,0.031,0.8612,0.0885
12,10.0,weekly,0.3761,-1.2691,0.897804,-0.2364,0.0314,0.8765,0.0887
12,10.0,biweekly,0.3473,-1.3955,0.918562,-0.2459,0.0288,0.7818,0.0892
12,10.0,monthly,0.3649,-1.3141,0.905596,-0.224,0.0307,0.8498,0.0898
12,12.0,weekly,0.3667,-1.3147,0.905702,-0.2364,0.0308,0.8526,0.0895
12,12.0,biweekly,0.346,-1.3994,0.919155,-0.2459,0.029,0.7882,0.0903
12,12.0,monthly,0.3607,-1.3316,0.908508,-0.224,0.0306,0.8476,0.091
12,15.0,weekly,0.3503,-1.3947,0.918446,-0.2364,0.0295,0.8073,0.0908
12,15.0,biweekly,0.3436,-1.4067,0.920246,-0.2459,0.0292,0.7963,0.092
12,15.0,monthly,0.3596,-1.3324,0.908641,-0.224,0.0311,0.8636,0.0929
15,6.0,weekly,0.3159,-1.542,0.938466,-0.2782,0.0244,0.634,0.0838
15,6.0,biweekly,0.286,-1.6789,0.95341,-0.2908,0.0219,0.555,0.0847
15,6.0,monthly,0.2597,-1.8011,0.964157,-0.2984,0.0197,0.487,0.0855
15,8.0,weekly,0.3332,-1.4621,0.928145,-0.2782,0.0264,0.6979,0.0851
15,8.0,biweekly,0.3045,-1.5926,0.944375,-0.2908,0.024,0.6198,0.0862
15,8.0,monthly,0.2767,-1.7221,0.957474,-0.2984,0.0216,0.5443,0.0871
15,10.0,weekly,0.3423,-1.4197,0.92215,-0.2782,0.0275,0.737,0.0863
15,10.0,biweekly,0.3139,-1.548,0.939193,-0.2908,0.0252,0.6589,0.0876
15,10.0,monthly,0.2874,-1.6717,0.952705,-0.2984,0.0229,0.5845,0.0885
15,12.0,weekly,0.3505,-1.3812,0.916391,-0.2782,0.0285,0.7722,0.0871
15,12.0,biweekly,0.3227,-1.5055,0.933899,-0.2908,0.0263,0.6959,0.0887
15,12.0,monthly,0.2977,-1.6225,0.947647,-0.2984,0.0241,0.6245,0.0897
15,15.0,weekly,0.3465,-1.3993,0.919133,-0.2782,0.0285,0.7711,0.0884
15,15.0,biweekly,0.3206,-1.5117,0.934694,-0.2908,0.0265,0.7037,0.0904
15,15.0,monthly,0.2978,-1.6189,0.947268,-0.2984,0.0246,0.6386,0.0916
